{"eval_exact_match": 78.32544938505204, "eval_f1": 86.18956323393458}