{"eval_loss": 0.3750222623348236, "eval_model_preparation_time": 0.0016, "eval_accuracy": 0.8941271901130676, "eval_runtime": 29.0268, "eval_samples_per_second": 339.066, "eval_steps_per_second": 42.409}