{"eval_loss": 0.5400397777557373, "eval_model_preparation_time": 0.0017, "eval_accuracy": 0.846372663974762, "eval_runtime": 29.6743, "eval_samples_per_second": 331.667, "eval_steps_per_second": 41.484}